team,player_id,player_name
Algeria,ALG_ABADA_ACHRAF,ABADA Achraf
Algeria,ALG_AIT_NOURI_RAYAN,AIT-NOURI Rayan
Algeria,ALG_AMOURA_MOHAMED,AMOURA Mohamed
Algeria,ALG_AOUAR_HOUSSEM,AOUAR Houssem
Algeria,ALG_BELAID_ZINEDDINE,BELAID Zineddine
Algeria,ALG_BELGHALI_RA_K,BELGHALI Ra
Algeria,ALG_BENBOT_OUSSAMA,BENBOT Oussama
Algeria,ALG_BENBOUALI_NADHIR,BENBOUALI Nadhir
Algeria,ALG_BENSEBAINI_RAMY,BENSEBAINI Ramy
Algeria,ALG_BENTALEB_NABIL,BENTALEB Nabil
Algeria,ALG_BOUDAOUI_HICHAM,BOUDAOUI Hicham
Algeria,ALG_BOULBINA_ADIL,BOULBINA Adil
Algeria,ALG_CHAIBI_FARES,CHAIBI Fares
Algeria,ALG_CHERGUI_SAMIR,CHERGUI Samir
Algeria,ALG_GHEDJEMIS_FARES,GHEDJEMIS Fares
Algeria,ALG_GOUIRI_AMINE,GOUIRI Amine
Algeria,ALG_HADJ_MOUSSA_ANIS,HADJ MOUSSA Anis
Algeria,ALG_HADJAM_JAOUEN,HADJAM Jaouen
Algeria,ALG_MAHREZ_RIYAD,MAHREZ Riyad
Algeria,ALG_MANDI_AISSA,MANDI Aissa
Algeria,ALG_MASTIL_MELVIN,MASTIL Melvin
Algeria,ALG_MAZA_IBRAHIM,MAZA Ibrahim
Algeria,ALG_TITRAOUI_YASSINE,TITRAOUI Yassine
Algeria,ALG_TOUGAI_MOHAMED_AMINE,TOUGAI Mohamed Amine
Algeria,ALG_ZERROUKI_RAMIZ,ZERROUKI Ramiz
Algeria,ALG_ZIDANE_LUCA,ZIDANE Luca
Argentina,ARG_ALMADA_THIAGO,ALMADA Thiago
Argentina,ARG_ALVAREZ_JULIAN,ALVAREZ Julian
Argentina,ARG_SENESI_MARCOS,Senesi Marcos
Argentina,ARG_BARCO_VALENTIN,BARCO Valentin
Argentina,ARG_DE_PAUL_RODRIGO,DE PAUL Rodrigo
Argentina,ARG_FERNANDEZ_ENZO,FERNANDEZ Enzo
Argentina,ARG_GONZALEZ_NICO,GONZALEZ Nico
Argentina,ARG_LO_CELSO_GIOVANI,LO CELSO Giovani
Argentina,ARG_LOPEZ_JOSE_MANUEL,LOPEZ Jose Manuel
Argentina,ARG_MAC_ALLISTER_ALEXIS,MAC ALLISTER Alexis
Argentina,ARG_MARTINEZ_EMILIANO,MARTINEZ Emiliano
Argentina,ARG_MARTINEZ_LAUTARO,MARTINEZ Lautaro
Argentina,ARG_MARTINEZ_LISANDRO,MARTINEZ Lisandro
Argentina,ARG_MEDINA_FACUNDO,MEDINA Facundo
Argentina,ARG_MESSI_LIONEL,MESSI Lionel
Argentina,ARG_MOLINA_NAHUEL,MOLINA Nahuel
Argentina,ARG_MONTIEL_GONZALO,MONTIEL Gonzalo
Argentina,ARG_MUSSO_JUAN,MUSSO Juan
Argentina,ARG_OTAMENDI_NICOLAS,OTAMENDI Nicolas
Argentina,ARG_PALACIOS_EXEQUIEL,PALACIOS Exequiel
Argentina,ARG_PAREDES_LEANDRO,PAREDES Leandro
Argentina,ARG_PAZ_NICO,PAZ Nico
Argentina,ARG_ROMERO_CRISTIAN,ROMERO Cristian
Argentina,ARG_RULLI_GERONIMO,RULLI Geronimo
Argentina,ARG_SIMEONE_GIULIANO,SIMEONE Giuliano
Argentina,ARG_TAGLIAFICO_NICOLAS,TAGLIAFICO Nicolas
Australia,AUS_BEACH_PATRICK,BEACH Patrick
Australia,AUS_BEHICH_AZIZ,BEHICH Aziz
Australia,AUS_BOS_JORDAN,BOS Jordan
Australia,AUS_BURGESS_CAMERON,BURGESS Cameron
Australia,AUS_CIRCATI_ALESSANDRO,CIRCATI Alessandro
Australia,AUS_DEGENEK_MILOS,DEGENEK Milos
Australia,AUS_DEVLIN_CAMERON,DEVLIN Cameron
Australia,AUS_GERIA_JASON,GERIA Jason
Australia,AUS_HERRINGTON_LUCAS,HERRINGTON Lucas
Australia,AUS_HRUSTIC_AJDIN,HRUSTIC Ajdin
Australia,AUS_IRANKUNDA_NESTORY,IRANKUNDA Nestory
Australia,AUS_IRVINE_JACKSON,IRVINE Jackson
Australia,AUS_ITALIANO_JACOB,ITALIANO Jacob
Australia,AUS_IZZO_PAUL,IZZO Paul
Australia,AUS_LECKIE_MATHEW,LECKIE Mathew
Australia,AUS_MABIL_AWER,MABIL Awer
Australia,AUS_METCALFE_CONNOR,METCALFE Connor
Australia,AUS_OKON_ENGSTLER_PAUL,OKON-ENGSTLER Paul
Australia,AUS_ONEILL_AIDEN,ONEILL Aiden
Australia,AUS_RYAN_MATHEW,RYAN Mathew
Australia,AUS_SOUTTAR_HARRY,SOUTTAR Harry
Australia,AUS_TOURE_MOHAMED,TOURE Mohamed
Australia,AUS_TREWIN_KAI,TREWIN Kai
Australia,AUS_VELUPILLAY_NISHAN,VELUPILLAY Nishan
Australia,AUS_VOLPATO_CRISTIAN,VOLPATO Cristian
Australia,AUS_YENGI_TETE,YENGI Tete
Austria,AUT_AFFENGRUBER_DAVID,AFFENGRUBER David
Austria,AUT_ALABA_DAVID,ALABA David
Austria,AUT_ARNAUTOVIC_MARKO,ARNAUTOVIC Marko
Austria,AUT_LJUBICIC_DEJAN,LJUBICIC Dejan
Austria,AUT_CHUKWUEMEKA_CARNEY,CHUKWUEMEKA Carney
Austria,AUT_DANSO_KEVIN,DANSO Kevin
Austria,AUT_FRIEDL_MARCO,FRIEDL Marco
Austria,AUT_GREGORITSCH_MICHAEL,GREGORITSCH Michael
Austria,AUT_GRILLITSCH_FLORIAN,GRILLITSCH Florian
Austria,AUT_KALAJDZIC_SASA,KALAJDZIC Sasa
Austria,AUT_LAIMER_KONRAD,LAIMER Konrad
Austria,AUT_LIENHART_PHILIPP,LIENHART Philipp
Austria,AUT_MWENE_PHILLIP,MWENE Phillip
Austria,AUT_PENTZ_PATRICK,PENTZ Patrick
Austria,AUT_POSCH_STEFAN,POSCH Stefan
Austria,AUT_PRASS_ALEXANDER,PRASS Alexander
Austria,AUT_SABITZER_MARCEL,SABITZER Marcel
Austria,AUT_SCHLAGER_ALEXANDER,SCHLAGER Alexander
Austria,AUT_SCHLAGER_XAVER,SCHLAGER Xaver
Austria,AUT_SCHMID_ROMANO,SCHMID Romano
Austria,AUT_SCHOEPF_ALESSANDRO,SCHOEPF Alessandro
Austria,AUT_SEIWALD_NICOLAS,SEIWALD Nicolas
Austria,AUT_SVOBODA_MICHAEL,SVOBODA Michael
Austria,AUT_WANNER_PAUL,WANNER Paul
Austria,AUT_WIEGELE_FLORIAN,WIEGELE Florian
Austria,AUT_WIMMER_PATRICK,WIMMER Patrick
Belgium,BEL_CASTAGNE_TIMOTHY,CASTAGNE Timothy
Belgium,BEL_COURTOIS_THIBAUT,COURTOIS Thibaut
Belgium,BEL_DE_BRUYNE_KEVIN,DE BRUYNE Kevin
Belgium,BEL_DE_CUYPER_MAXIM,DE CUYPER Maxim
Belgium,BEL_DE_KETELAERE_CHARLES,DE KETELAERE Charles
Belgium,BEL_DE_WINTER_KONI,DE WINTER Koni
Belgium,BEL_DEBAST_ZENO,DEBAST Zeno
Belgium,BEL_DOKU_JEREMY,DOKU Jeremy
Belgium,BEL_FERNANDEZ_PARDO_MATIAS,FERNANDEZ-PARDO Matias
Belgium,BEL_LAMMENS_SENNE,LAMMENS Senne
Belgium,BEL_LUKAKU_ROMELU,LUKAKU Romelu
Belgium,BEL_LUKEBAKIO_DODI,LUKEBAKIO Dodi
Belgium,BEL_MECHELE_BRANDON,MECHELE Brandon
Belgium,BEL_MEUNIER_THOMAS,MEUNIER Thomas
Belgium,BEL_MOREIRA_DIEGO,MOREIRA Diego
Belgium,BEL_NGOY_NATHAN,NGOY Nathan
Belgium,BEL_ONANA_AMADOU,ONANA Amadou
Belgium,BEL_PENDERS_MIKE,PENDERS Mike
Belgium,BEL_RASKIN_NICOLAS,RASKIN Nicolas
Belgium,BEL_SAELEMAEKERS_ALEXIS,SAELEMAEKERS Alexis
Belgium,BEL_SEYS_JOAQUIN,SEYS Joaquin
Belgium,BEL_THEATE_ARTHUR,THEATE Arthur
Belgium,BEL_TIELEMANS_YOURI,TIELEMANS Youri
Belgium,BEL_TROSSARD_LEANDRO,TROSSARD Leandro
Belgium,BEL_VANAKEN_HANS,VANAKEN Hans
Belgium,BEL_WITSEL_AXEL,WITSEL Axel
Bosnia and Herzegovina,BIH_ALAJBEGOVIC_KERIM,ALAJBEGOVIC Kerim
Bosnia and Herzegovina,BIH_BAJRAKTAREVIC_ESMIR,BAJRAKTAREVIC Esmir
Bosnia and Herzegovina,BIH_BASIC_IVAN,BASIC Ivan
Bosnia and Herzegovina,BIH_BAZDAR_SAMED,BAZDAR Samed
Bosnia and Herzegovina,BIH_BURNIC_DZENIS,BURNIC Dzenis
Bosnia and Herzegovina,BIH_MALIC_ARJAN,MALIC Arjan
Bosnia and Herzegovina,BIH_DEDIC_AMAR,DEDIC Amar
Bosnia and Herzegovina,BIH_DEMIROVIC_ERMEDIN,DEMIROVIC Ermedin
Bosnia and Herzegovina,BIH_DZEKO_EDIN,DZEKO Edin
Bosnia and Herzegovina,BIH_GIGOVIC_ARMIN,GIGOVIC Armin
Bosnia and Herzegovina,BIH_HADZIAHMETOVIC_AMIR,HADZIAHMETOVIC Amir
Bosnia and Herzegovina,BIH_HADZIKADUNIC_DENNIS,HADZIKADUNIC Dennis
Bosnia and Herzegovina,BIH_JURKAS_MLADEN,JURKAS Mladen
Bosnia and Herzegovina,BIH_KATIC_NIKOLA,KATIC Nikola
Bosnia and Herzegovina,BIH_KOLASINAC_SEAD,KOLASINAC Sead
Bosnia and Herzegovina,BIH_LUKIC_JOVO,LUKIC Jovo
Bosnia and Herzegovina,BIH_MAHMIC_ERMIN,MAHMIC Ermin
Bosnia and Herzegovina,BIH_MEMIC_AMAR,MEMIC Amar
Bosnia and Herzegovina,BIH_MUHAREMOVIC_TARIK,MUHAREMOVIC Tarik
Bosnia and Herzegovina,BIH_MUJAKIC_NIHAD,MUJAKIC Nihad
Bosnia and Herzegovina,BIH_RADELJIC_STJEPAN,RADELJIC Stjepan
Bosnia and Herzegovina,BIH_SUNJIC_IVAN,SUNJIC Ivan
Bosnia and Herzegovina,BIH_TABAKOVIC_HARIS,TABAKOVIC Haris
Bosnia and Herzegovina,BIH_TAHIROVIC_BENJAMIN,TAHIROVIC Benjamin
Bosnia and Herzegovina,BIH_VASILJ_NIKOLA,VASILJ Nikola
Bosnia and Herzegovina,BIH_ZLOMISLIC_MARTIN,ZLOMISLIC Martin
Brazil,BRA_ALEX_SANDRO,ALEX SANDRO
Brazil,BRA_ALISSON,ALISSON
Brazil,BRA_BREMER,BREMER
Brazil,BRA_BRUNO_GUIMARAES,BRUNO GUIMARAES
Brazil,BRA_CASEMIRO,CASEMIRO
Brazil,BRA_DANILO,DANILO
Brazil,BRA_DANILO_SANTOS,DANILO SANTOS
Brazil,BRA_DOUGLAS_SANTOS,DOUGLAS SANTOS
Brazil,BRA_EDERSON,EDERSON
Brazil,BRA_ENDRICK,ENDRICK
Brazil,BRA_FABINHO,FABINHO
Brazil,BRA_GABRIEL_MAGALHAES,GABRIEL MAGALHAES
Brazil,BRA_GABRIEL_MARTINELLI,GABRIEL MARTINELLI
Brazil,BRA_IGOR_THIAGO,IGOR THIAGO
Brazil,BRA_LEO_PEREIRA,LEO PEREIRA
Brazil,BRA_LUCAS_PAQUETA,LUCAS PAQUETA
Brazil,BRA_LUIZ_HENRIQUE,LUIZ HENRIQUE
Brazil,BRA_MARQUINHOS,MARQUINHOS
Brazil,BRA_MATHEUS_CUNHA,MATHEUS CUNHA
Brazil,BRA_NEYMAR_JR,NEYMAR JR
Brazil,BRA_RAPHINHA,RAPHINHA
Brazil,BRA_RAYAN,RAYAN
Brazil,BRA_ROGER_IBANEZ,ROGER IBANEZ
Brazil,BRA_VINICIUS_JUNIOR,VINICIUS JUNIOR
Brazil,BRA_EDERSON_SILVA,EDERSON SILVA
Brazil,BRA_WEVERTON,WEVERTON
Cabo Verde,CPV_CJ_DOS_SANTOS,CJ DOS SANTOS
Cabo Verde,CPV_DAILON_LIVRAMENTO,DAILON LIVRAMENTO
Cabo Verde,CPV_DEROY_DUARTE,DEROY DUARTE
Cabo Verde,CPV_DINEY_BORGES,DINEY BORGES
Cabo Verde,CPV_GARRY_RODRIGUES,GARRY RODRIGUES
Cabo Verde,CPV_GILSON_BENCHIMOL,GILSON BENCHIMOL
Cabo Verde,CPV_HELIO_VARELA,HELIO VARELA
Cabo Verde,CPV_JAMIRO_MONTEIRO,JAMIRO MONTEIRO
Cabo Verde,CPV_JOAO_PAULO,JOAO PAULO
Cabo Verde,CPV_JOVANE_CABRAL,JOVANE CABRAL
Cabo Verde,CPV_KELVIN_PIRES,KELVIN PIRES
Cabo Verde,CPV_KEVIN_PINA,KEVIN PINA
Cabo Verde,CPV_LAROS_DUARTE,LAROS DUARTE
Cabo Verde,CPV_LOGAN_COSTA,LOGAN COSTA
Cabo Verde,CPV_MARCIO_ROSA,MARCIO ROSA
Cabo Verde,CPV_NUNO_DA_COSTA,NUNO DA COSTA
Cabo Verde,CPV_PICO_LOPES,PICO LOPES
Cabo Verde,CPV_RYAN_MENDES,RYAN MENDES
Cabo Verde,CPV_SIDNY_LOPES_CABRAL,SIDNY LOPES CABRAL
Cabo Verde,CPV_STEVEN_MOREIRA,STEVEN MOREIRA
Cabo Verde,CPV_STOPIRA,STOPIRA
Cabo Verde,CPV_TELMO_ARCANJO,TELMO ARCANJO
Cabo Verde,CPV_VOZINHA,VOZINHA
Cabo Verde,CPV_WAGNER_PINA,WAGNER PINA
Cabo Verde,CPV_WILLY_SEMEDO,WILLY SEMEDO
Cabo Verde,CPV_YANNICK_SEMEDO,YANNICK SEMEDO
Canada,CAN_AHMED_ALI,AHMED Ali
Canada,CAN_BOMBITO_MOISE,BOMBITO Moise
Canada,CAN_BUCHANAN_TAJON,BUCHANAN Tajon
Canada,CAN_CHOINIERE_MATHIEU,CHOINIERE Mathieu
Canada,CAN_CORNELIUS_DEREK,CORNELIUS Derek
Canada,CAN_CREPEAU_MAXIME,CREPEAU Maxime
Canada,CAN_DAVID_JONATHAN,DAVID Jonathan
Canada,CAN_DAVID_PROMISE,DAVID Promise
Canada,CAN_DAVIES_ALPHONSO,DAVIES Alphonso
Canada,CAN_DE_FOUGEROLLES_LUC,DE FOUGEROLLES Luc
Canada,CAN_EUSTAQUIO_STEPHEN,EUSTAQUIO Stephen
Canada,CAN_NELSON_JAYDEN,Nelson Jayden
Canada,CAN_GOODMAN_OWEN,GOODMAN Owen
Canada,CAN_JOHNSTON_ALISTAIR,JOHNSTON Alistair
Canada,CAN_JONES_AL_E,JONES Al
Canada,CAN_KONE_ISMAEL,KONE Ismael
Canada,CAN_LARIN_CYLE,LARIN Cyle
Canada,CAN_LARYEA_RICHIE,LARYEA Richie
Canada,CAN_MILLAR_LIAM,MILLAR Liam
Canada,CAN_OLUWASEYI_TANI,OLUWASEYI Tani
Canada,CAN_OSORIO_JONATHAN,OSORIO Jonathan
Canada,CAN_SALIBA_NATHAN,SALIBA Nathan
Canada,CAN_SHAFFELBURG_JACOB,SHAFFELBURG Jacob
Canada,CAN_SIGUR_NIKO,SIGUR Niko
Canada,CAN_ST_CLAIR_DAYNE,ST. CLAIR Dayne
Canada,CAN_WATERMAN_JOEL,WATERMAN Joel
Colombia,COL_ARIAS_JHON,ARIAS Jhon
Colombia,COL_ARIAS_SANTIAGO,ARIAS Santiago
Colombia,COL_CAMPAZ_JAMINTON,CAMPAZ Jaminton
Colombia,COL_CARRASCAL_JORGE,CARRASCAL Jorge
Colombia,COL_CASTANO_KEVIN,CASTANO Kevin
Colombia,COL_CORDOBA_JHON,CORDOBA Jhon
Colombia,COL_DIAZ_LUIS,DIAZ Luis
Colombia,COL_DITTA_WILLER,DITTA Willer
Colombia,COL_GOMEZ_ANDRES,GOMEZ Andres
Colombia,COL_HERNANDEZ_CUCHO,HERNANDEZ Cucho
Colombia,COL_LERMA_JEFFERSON,LERMA Jefferson
Colombia,COL_LUCUMI_JHON,LUCUMI Jhon
Colombia,COL_MACHADO_DEIVER,MACHADO Deiver
Colombia,COL_MINA_YERRY,MINA Yerry
Colombia,COL_MOJICA_JOHAN,MOJICA Johan
Colombia,COL_MONTERO_ALVARO,MONTERO Alvaro
Colombia,COL_MUNOZ_DANIEL,MUNOZ Daniel
Colombia,COL_OSPINA_DAVID,OSPINA David
Colombia,COL_PORTILLA_JUAN,PORTILLA Juan
Colombia,COL_PUERTA_GUSTAVO,PUERTA Gustavo
Colombia,COL_QUINTERO_JUAN,QUINTERO Juan
Colombia,COL_RIOS_RICHARD,RIOS Richard
Colombia,COL_RODRIGUEZ_JAMES,RODRIGUEZ James
Colombia,COL_SANCHEZ_DAVINSON,SANCHEZ Davinson
Colombia,COL_SUAREZ_LUIS,SUAREZ Luis
Colombia,COL_VARGAS_CAMILO,VARGAS Camilo
Congo,COD_BAKAMBU_CEDRIC,BAKAMBU Cedric
Congo,COD_BANZA_SIMON,BANZA Simon
Congo,COD_BATUBINSIKA_DYLAN,BATUBINSIKA Dylan
Congo,COD_BONGONDA_THEO,BONGONDA Theo
Congo,COD_CIPENGA_BRIAN,CIPENGA Brian
Congo,COD_ELIA_MESCHACK,ELIA Meschack
Congo,COD_EPOLO_MATTHIEU,EPOLO Matthieu
Congo,COD_FAYULU_TIMOTHY,FAYULU Timothy
Congo,COD_KAKUTA_GAEL,KAKUTA Gael
Congo,COD_KALULU_GEDEON,KALULU Gedeon
Congo,COD_KAPUADI_STEVE,KAPUADI Steve
Congo,COD_KAYEMBE_EDO,KAYEMBE Edo
Congo,COD_KAYEMBE_JORIS,KAYEMBE Joris
Congo,COD_MASUAKU_ARTHUR,MASUAKU Arthur
Congo,COD_MAYELE_FISTON,MAYELE Fiston
Congo,COD_MBEMBA_CHANCEL,MBEMBA Chancel
Congo,COD_MBUKU_NATHANAEL,MBUKU Nathanael
Congo,COD_MOUTOUSSAMY_SAMUEL,MOUTOUSSAMY Samuel
Congo,COD_MPASI_LIONEL,MPASI Lionel
Congo,COD_MUKAU_NGALAYEL,MUKAU Ngalayel
Congo,COD_PICKEL_CHARLES,PICKEL Charles
Congo,COD_SADIKI_NOAH,SADIKI Noah
Congo,COD_TSHIBOLA_AARON,TSHIBOLA Aaron
Congo,COD_TUANZEBE_AXEL,TUANZEBE Axel
Congo,COD_WAN_BISSAKA_AARON,WAN-BISSAKA Aaron
Congo,COD_WISSA_YOANE,WISSA Yoane
Croatia,CRO_BATURINA_MARTIN,BATURINA Martin
Croatia,CRO_BUDIMIR_ANTE,BUDIMIR Ante
Croatia,CRO_CALETA_CAR_DUJE,CALETA-CAR Duje
Croatia,CRO_ERLIC_MARTIN,ERLIC Martin
Croatia,CRO_FRUK_TONI,FRUK Toni
Croatia,CRO_GVARDIOL_JOSKO,GVARDIOL Josko
Croatia,CRO_JAKIC_KRISTIJAN,JAKIC Kristijan
Croatia,CRO_KOTARSKI_DOMINIK,KOTARSKI Dominik
Croatia,CRO_KOVACIC_MATEO,KOVACIC Mateo
Croatia,CRO_KRAMARIC_ANDREJ,KRAMARIC Andrej
Croatia,CRO_LIVAKOVIC_DOMINIK,LIVAKOVIC Dominik
Croatia,CRO_MATANOVIC_IGOR,MATANOVIC Igor
Croatia,CRO_MODRIC_LUKA,MODRIC Luka
Croatia,CRO_MORO_NIKOLA,MORO Nikola
Croatia,CRO_MUSA_PETAR,MUSA Petar
Croatia,CRO_PANDUR_IVOR,PANDUR Ivor
Croatia,CRO_PASALIC_MARCO,PASALIC Marco
Croatia,CRO_PASALIC_MARIO,PASALIC Mario
Croatia,CRO_PERISIC_IVAN,PERISIC Ivan
Croatia,CRO_PONGRACIC_MARIN,PONGRACIC Marin
Croatia,CRO_STANISIC_JOSIP,STANISIC Josip
Croatia,CRO_SUCIC_LUKA,SUCIC Luka
Croatia,CRO_SUCIC_PETAR,SUCIC Petar
Croatia,CRO_SUTALO_JOSIP,SUTALO Josip
Croatia,CRO_VLASIC_NIKOLA,VLASIC Nikola
Croatia,CRO_VUSKOVIC_LUKA,VUSKOVIC Luka
Curaçao,CUW_ANTONISSE_JEREMY,ANTONISSE Jeremy
Curaçao,CUW_BACUNA_JUNINHO,BACUNA Juninho
Curaçao,CUW_BACUNA_LEANDRO,BACUNA Leandro
Curaçao,CUW_BAZOER_RIECHEDLY,BAZOER Riechedly
Curaçao,CUW_BODAK_TYRICK,BODAK Tyrick
Curaçao,CUW_BRENET_JOSHUA,BRENET Joshua
Curaçao,CUW_CHONG_TAHITH,CHONG Tahith
Curaçao,CUW_COMENENCIA_LIVANO,COMENENCIA Livano
Curaçao,CUW_DOORNBUSCH_TREVOR,DOORNBUSCH Trevor
Curaçao,CUW_FELIDA_KEVIN,FELIDA Kevin
Curaçao,CUW_FLORANUS_SHEREL,FLORANUS Sherel
Curaçao,CUW_FONVILLE_DEVERON,FONVILLE Deveron
Curaçao,CUW_GAARI_JURIEN,GAARI Jurien
Curaçao,CUW_GORRE_KENJI,GORRE Kenji
Curaçao,CUW_HANSEN_SONTJE,HANSEN Sontje
Curaçao,CUW_KASTANEER_GERVANE,KASTANEER Gervane
Curaçao,CUW_KUWAS_BRANDLEY,KUWAS Brandley
Curaçao,CUW_LOCADIA_JUERGEN,LOCADIA Juergen
Curaçao,CUW_MARGARITHA_JEARL,MARGARITHA Jearl
Curaçao,CUW_MARTHA_ARJANY,MARTHA Arjany
Curaçao,CUW_NOSLIN_TYRESE,NOSLIN Tyrese
Curaçao,CUW_OBISPO_ARMANDO,OBISPO Armando
Curaçao,CUW_ROEMERATOE_GODFRIED,ROEMERATOE Godfried
Curaçao,CUW_ROOM_ELOY,ROOM Eloy
Curaçao,CUW_SAMBO_SHURANDY,SAMBO Shurandy
Curaçao,CUW_VAN_EIJMA_ROSHON,VAN EIJMA Roshon
Czechia,CZE_CERV_LUKAS,CERV Lukas
Czechia,CZE_CHALOUPEK_STEPAN,CHALOUPEK Stepan
Czechia,CZE_CHORY_TOMAS,CHORY Tomas
Czechia,CZE_CHYTIL_MOJMIR,CHYTIL Mojmir
Czechia,CZE_COUFAL_VLADIMIR,COUFAL Vladimir
Czechia,CZE_DARIDA_VLADIMIR,DARIDA Vladimir
Czechia,CZE_DOUDERA_DAVID,DOUDERA David
Czechia,CZE_HLOZEK_ADAM,HLOZEK Adam
Czechia,CZE_HOLES_TOMAS,HOLES Tomas
Czechia,CZE_HORNICEK_LUKAS,HORNICEK Lukas
Czechia,CZE_HRANAC_ROBIN,HRANAC Robin
Czechia,CZE_JURASEK_DAVID,JURASEK David
Czechia,CZE_KOVAR_MATEJ,KOVAR Matej
Czechia,CZE_KREJCI_LADISLAV,KREJCI Ladislav
Czechia,CZE_KUCHTA_JAN,KUCHTA Jan
Czechia,CZE_PROVOD_LUKAS,PROVOD Lukas
Czechia,CZE_SADILEK_MICHAL,SADILEK Michal
Czechia,CZE_SCHICK_PATRIK,SCHICK Patrik
Czechia,CZE_SOCHUREK_HUGO,SOCHUREK Hugo
Czechia,CZE_SOJKA_ALEXANDR,SOJKA Alexandr
Czechia,CZE_SOUCEK_TOMAS,SOUCEK Tomas
Czechia,CZE_STANEK_JINDRICH,STANEK Jindrich
Czechia,CZE_SULC_PAVEL,SULC Pavel
Czechia,CZE_VISINSKY_DENIS,VISINSKY Denis
Czechia,CZE_ZELENY_JAROSLAV,ZELENY Jaroslav
Czechia,CZE_ZIMA_DAVID,ZIMA David
Côte d'Ivoire,CIV_ADINGRA_SIMON,ADINGRA Simon
Côte d'Ivoire,CIV_AGBADOU_EMMANUEL,AGBADOU Emmanuel
Côte d'Ivoire,CIV_BONNY_ANGE_YOAN,BONNY Ange-Yoan
Côte d'Ivoire,CIV_DIAKITE_OUMAR,DIAKITE Oumar
Côte d'Ivoire,CIV_DIALLO_AMAD,DIALLO Amad
Côte d'Ivoire,CIV_DIOMANDE_OUSMANE,DIOMANDE Ousmane
Côte d'Ivoire,CIV_DIOMANDE_YAN,DIOMANDE Yan
Côte d'Ivoire,CIV_DOUE_GUELA,DOUE Guela
Côte d'Ivoire,CIV_FOFANA_SEKO,FOFANA Seko
Côte d'Ivoire,CIV_FOFANA_YAHIA,FOFANA Yahia
Côte d'Ivoire,CIV_GUESSAND_EVANN,GUESSAND Evann
Côte d'Ivoire,CIV_GUIAGON_PARFAIT,GUIAGON Parfait
Côte d'Ivoire,CIV_KESSIE_FRANCK,KESSIE Franck
Côte d'Ivoire,CIV_KONAN_GHISLAIN,KONAN Ghislain
Côte d'Ivoire,CIV_KONE_MOHAMED,KONE Mohamed
Côte d'Ivoire,CIV_KOSSOUNOU_ODILON,KOSSOUNOU Odilon
Côte d'Ivoire,CIV_LAFONT_ALBAN,LAFONT Alban
Côte d'Ivoire,CIV_NDICKA_EVAN,NDICKA Evan
Côte d'Ivoire,CIV_OPERI_CHRISTOPHER,OPERI Christopher
Côte d'Ivoire,CIV_OULAI_CHRIST_INAO,OULAI Christ Inao
Côte d'Ivoire,CIV_PEPE_NICOLAS,PEPE Nicolas
Côte d'Ivoire,CIV_SANGARE_IBRAHIM,SANGARE Ibrahim
Côte d'Ivoire,CIV_SERI_JEAN_MICHAEL,SERI Jean Michael
Côte d'Ivoire,CIV_SINGO_WILFRIED,SINGO Wilfried
Côte d'Ivoire,CIV_TOURE_BAZOUMANA,TOURE Bazoumana
Côte d'Ivoire,CIV_WAHI_ELYE,WAHI Elye
Ecuador,ECU_ALCIVAR_JORDY,ALCIVAR Jordy
Ecuador,ECU_ANGULO_NILSON,ANGULO Nilson
Ecuador,ECU_AREVALO_JEREMY,AREVALO Jeremy
Ecuador,ECU_CAICEDO_JORDY,CAICEDO Jordy
Ecuador,ECU_CAICEDO_MOISES,CAICEDO Moises
Ecuador,ECU_CASTILLO_DENIL,CASTILLO Denil
Ecuador,ECU_ESTUPINAN_PERVIS,ESTUPINAN Pervis
Ecuador,ECU_FRANCO_ALAN,FRANCO Alan
Ecuador,ECU_GALINDEZ_HERNAN,GALINDEZ Hernan
Ecuador,ECU_HINCAPIE_PIERO,HINCAPIE Piero
Ecuador,ECU_MEDINA_YAIMAR,MEDINA Yaimar
Ecuador,ECU_MINDA_ALAN,MINDA Alan
Ecuador,ECU_ORDONEZ_JOEL,ORDONEZ Joel
Ecuador,ECU_PACHO_WILLIAN,PACHO Willian
Ecuador,ECU_PAEZ_KENDRY,PAEZ Kendry
Ecuador,ECU_PLATA_GONZALO,PLATA Gonzalo
Ecuador,ECU_POROZO_JACKSON,POROZO Jackson
Ecuador,ECU_PRECIADO_ANGELO,PRECIADO Angelo
Ecuador,ECU_RAMIREZ_MOISES,RAMIREZ Moises
Ecuador,ECU_RODRIGUEZ_KEVIN,RODRIGUEZ Kevin
Ecuador,ECU_TORRES_FELIX,TORRES Felix
Ecuador,ECU_VALENCIA_ANTHONY,VALENCIA Anthony
Ecuador,ECU_VALENCIA_ENNER,VALENCIA Enner
Ecuador,ECU_VALLE_GONZALO,VALLE Gonzalo
Ecuador,ECU_VITE_PEDRO,VITE Pedro
Ecuador,ECU_YEBOAH_JOHN,YEBOAH John
Egypt,EGY_AHMED_FATOUH,AHMED FATOUH
Egypt,EGY_EMAM_ASHOUR,EMAM ASHOUR
Egypt,EGY_HAISSEM_HASSAN,HAISSEM HASSAN
Egypt,EGY_HAMDY_FATHY,HAMDY FATHY
Egypt,EGY_HAMZA_ABDELKARIM,HAMZA ABDELKARIM
Egypt,EGY_HOSSAM_ABDELMAGUID,HOSSAM ABDELMAGUID
Egypt,EGY_IBRAHIM_ADEL,IBRAHIM ADEL
Egypt,EGY_KARIM_HAFEZ,KARIM HAFEZ
Egypt,EGY_MAHDY_SOLIMAN,MAHDY SOLIMAN
Egypt,EGY_MAHMOUD_SABER,MAHMOUD SABER
Egypt,EGY_MARAWAN_ATTIA,MARAWAN ATTIA
Egypt,EGY_MOHAMED_ABDELMONEIM,MOHAMED ABDELMONEIM
Egypt,EGY_MOHAMED_ALAA,MOHAMED ALAA
Egypt,EGY_MOHAMED_ELSHENAWY,MOHAMED ELSHENAWY
Egypt,EGY_MOHAMED_HANY,MOHAMED HANY
Egypt,EGY_MOHAMED_SALAH,MOHAMED SALAH
Egypt,EGY_MOHANAD_LASHIN,MOHANAD LASHIN
Egypt,EGY_MOSTAFA_SHOUBIR,MOSTAFA SHOUBIR
Egypt,EGY_MOSTAFA_ZICO,MOSTAFA ZICO
Egypt,EGY_NABIL_DONGA,NABIL DONGA
Egypt,EGY_OMAR_MARMOUSH,OMAR MARMOUSH
Egypt,EGY_RAMY_RABIA,RAMY RABIA
Egypt,EGY_TAREK_ALAA,TAREK ALAA
Egypt,EGY_TREZEGUET,TREZEGUET
Egypt,EGY_YASSER_IBRAHIM,YASSER IBRAHIM
Egypt,EGY_ZIZO,ZIZO
England,ENG_ANDERSON_ELLIOT,ANDERSON Elliot
England,ENG_BELLINGHAM_JUDE,BELLINGHAM Jude
England,ENG_BURN_DAN,BURN Dan
England,ENG_EZE_EBERECHI,EZE Eberechi
England,ENG_GORDON_ANTHONY,GORDON Anthony
England,ENG_GUEHI_MARC,GUEHI Marc
England,ENG_HENDERSON_DEAN,HENDERSON Dean
England,ENG_HENDERSON_JORDAN,HENDERSON Jordan
England,ENG_JAMES_REECE,JAMES Reece
England,ENG_KANE_HARRY,KANE Harry
England,ENG_KONSA_EZRI,KONSA Ezri
England,ENG_CHALOBAH_TREVOH,Chalobah Trevoh
England,ENG_MADUEKE_NONI,MADUEKE Noni
England,ENG_MAINOO_KOBBIE,MAINOO Kobbie
England,ENG_OREILLY_NICO,OREILLY Nico
England,ENG_PICKFORD_JORDAN,PICKFORD Jordan
England,ENG_QUANSAH_JARELL,QUANSAH Jarell
England,ENG_RASHFORD_MARCUS,RASHFORD Marcus
England,ENG_RICE_DECLAN,RICE Declan
England,ENG_ROGERS_MORGAN,ROGERS Morgan
England,ENG_SAKA_BUKAYO,SAKA Bukayo
England,ENG_SPENCE_DJED,SPENCE Djed
England,ENG_STONES_JOHN,STONES John
England,ENG_TONEY_IVAN,TONEY Ivan
England,ENG_TRAFFORD_JAMES,TRAFFORD James
England,ENG_WATKINS_OLLIE,WATKINS Ollie
France,FRA_AKLIOUCHE_MAGHNES,AKLIOUCHE Maghnes
France,FRA_BARCOLA_BRADLEY,BARCOLA Bradley
France,FRA_CHERKI_RAYAN,CHERKI Rayan
France,FRA_DEMBELE_OUSMANE,DEMBELE Ousmane
France,FRA_DIGNE_LUCAS,DIGNE Lucas
France,FRA_DOUE_DESIRE,DOUE Desire
France,FRA_GUSTO_MALO,GUSTO Malo
France,FRA_HERNANDEZ_LUCAS,HERNANDEZ Lucas
France,FRA_HERNANDEZ_THEO,HERNANDEZ Theo
France,FRA_KANTE_NGOLO,KANTE Ngolo
France,FRA_KONATE_IBRAHIMA,KONATE Ibrahima
France,FRA_KONE_MANU,KONE Manu
France,FRA_KOUNDE_JULES,KOUNDE Jules
France,FRA_LACROIX_MAXENCE,LACROIX Maxence
France,FRA_MAIGNAN_MIKE,MAIGNAN Mike
France,FRA_MATETA_JEAN_PHILIPPE,MATETA Jean-Philippe
France,FRA_MBAPPE_KYLIAN,MBAPPE Kylian
France,FRA_OLISE_MICHAEL,OLISE Michael
France,FRA_RABIOT_ADRIEN,RABIOT Adrien
France,FRA_RISSER_ROBIN,RISSER Robin
France,FRA_SALIBA_WILLIAM,SALIBA William
France,FRA_SAMBA_BRICE,SAMBA Brice
France,FRA_TCHOUAMENI_AURELIEN,TCHOUAMENI Aurelien
France,FRA_THURAM_MARCUS,THURAM Marcus
France,FRA_UPAMECANO_DAYOT,UPAMECANO Dayot
France,FRA_ZAIRE_EMERY_WARREN,ZAIRE-EMERY Warren
Germany,GER_AMIRI_NADIEM,AMIRI Nadiem
Germany,GER_ANTON_WALDEMAR,ANTON Waldemar
Germany,GER_BAUMANN_OLIVER,BAUMANN Oliver
Germany,GER_BEIER_MAXIMILIAN,BEIER Maximilian
Germany,GER_BROWN_NATHANIEL,BROWN Nathaniel
Germany,GER_GORETZKA_LEON,GORETZKA Leon
Germany,GER_GROSS_PASCAL,GROSS Pascal
Germany,GER_HAVERTZ_KAI,HAVERTZ Kai
Germany,GER_OUEDRAOGO_ASSAN,OUEDRAOGO Assan
Germany,GER_KIMMICH_JOSHUA,KIMMICH Joshua
Germany,GER_LEWELING_JAMIE,LEWELING Jamie
Germany,GER_MUSIALA_JAMAL,MUSIALA Jamal
Germany,GER_NEUER_MANUEL,NEUER Manuel
Germany,GER_NMECHA_FELIX,NMECHA Felix
Germany,GER_NUEBEL_ALEXANDER,NUEBEL Alexander
Germany,GER_PAVLOVIC_ALEKSANDAR,PAVLOVIC Aleksandar
Germany,GER_RAUM_DAVID,RAUM David
Germany,GER_RUEDIGER_ANTONIO,RUEDIGER Antonio
Germany,GER_SANE_LEROY,SANE Leroy
Germany,GER_SCHLOTTERBECK_NICO,SCHLOTTERBECK Nico
Germany,GER_STILLER_ANGELO,STILLER Angelo
Germany,GER_TAH_JONATHAN,TAH Jonathan
Germany,GER_THIAW_MALICK,THIAW Malick
Germany,GER_UNDAV_DENIZ,UNDAV Deniz
Germany,GER_WIRTZ_FLORIAN,WIRTZ Florian
Germany,GER_WOLTEMADE_NICK,WOLTEMADE Nick
Ghana,GHA_ADJETEY_JONAS,ADJETEY Jonas
Ghana,GHA_ADU_PRINCE,ADU Prince
Ghana,GHA_ANANG_JOSEPH,ANANG Joseph
Ghana,GHA_ASARE_BENJAMIN,ASARE Benjamin
Ghana,GHA_AYEW_JORDAN,AYEW Jordan
Ghana,GHA_BAAH_CHRISTOPHER_BONSU,BAAH Christopher Bonsu
Ghana,GHA_BOAKYE_AUGUSTINE,BOAKYE Augustine
Ghana,GHA_ISSAHAKU_FATAWU,ISSAHAKU Fatawu
Ghana,GHA_LUCKASSEN_DERRICK,LUCKASSEN Derrick
Ghana,GHA_MENSAH_GIDEON,MENSAH Gideon
Ghana,GHA_MUMIN_ABDUL,MUMIN Abdul
Ghana,GHA_NUAMAH_ERNEST,NUAMAH Ernest
Ghana,GHA_OPOKU_JEROME,OPOKU Jerome
Ghana,GHA_OPPONG_KOJO_PEPRAH,OPPONG Kojo Peprah
Ghana,GHA_OWUSU_ELISHA,OWUSU Elisha
Ghana,GHA_PARTEY_THOMAS,PARTEY Thomas
Ghana,GHA_RAHMAN_BABA,RAHMAN Baba
Ghana,GHA_SEIDU_ALIDU,SEIDU Alidu
Ghana,GHA_SEMENYO_ANTOINE,SEMENYO Antoine
Ghana,GHA_SENAYA_MARVIN,SENAYA Marvin
Ghana,GHA_SIBO_KWASI,SIBO Kwasi
Ghana,GHA_SULEMANA_KAMALDEEN,SULEMANA Kamaldeen
Ghana,GHA_THOMAS_ASANTE_BRANDON,THOMAS-ASANTE Brandon
Ghana,GHA_WILLIAMS_INAKI,WILLIAMS Inaki
Ghana,GHA_YIRENKYI_CALEB,YIRENKYI Caleb
Ghana,GHA_ZIGI_LAWRENCE_ATI,ZIGI Lawrence Ati
Haiti,HAI_ADE_RICARDO,ADE Ricardo
Haiti,HAI_ARCUS_CARLENS,ARCUS Carlens
Haiti,HAI_BELLEGARDE_JEAN_RICNER,BELLEGARDE Jean-Ricner
Haiti,HAI_CASIMIR_JOSUE,CASIMIR Josue
Haiti,HAI_DEEDSON_LOUICIUS,DEEDSON Louicius
Haiti,HAI_DELCROIX_HANNES,DELCROIX Hannes
Haiti,HAI_DUVERGER_JOSUE,DUVERGER Josue
Haiti,HAI_DUVERNE_JEAN_KEVIN,DUVERNE Jean-Kevin
Haiti,HAI_ETIENNE_DERRICK,ETIENNE Derrick
Haiti,HAI_EXPERIENCE_MARTIN,EXPERIENCE Martin
Haiti,HAI_FORTUNE_YASSIN,FORTUNE Yassin
Haiti,HAI_ISIDOR_WILSON,ISIDOR Wilson
Haiti,HAI_JEAN_JACQUES_DANLEY,JEAN JACQUES Danley
Haiti,HAI_JOSEPH_LENNY,JOSEPH Lenny
Haiti,HAI_LACROIX_MARKHUS,LACROIX Markhus
Haiti,HAI_NAZON_DUCKENS,NAZON Duckens
Haiti,HAI_PAUGAIN_WILGUENS,PAUGAIN Wilguens
Haiti,HAI_PIERRE_ALEXANDRE,PIERRE Alexandre
Haiti,HAI_METUSALA_GARVEN,METUSALA Garven
Haiti,HAI_PIERRE_WOODENSKY,PIERRE Woodensky
Haiti,HAI_PIERROT_FRANTZDY,PIERROT Frantzdy
Haiti,HAI_PLACIDE_JOHNY,PLACIDE Johny
Haiti,HAI_PROVIDENCE_RUBEN,PROVIDENCE Ruben
Haiti,HAI_SAINTE_CARL,SAINTE Carl
Haiti,HAI_SIMON_DOMINIQUE,SIMON Dominique
Haiti,HAI_THERMONCY_KEETO,THERMONCY Keeto
Iran,IRN_ALIPOUR_ALI,ALIPOUR Ali
Iran,IRN_BEIRANVAND_ALIREZA,BEIRANVAND Alireza
Iran,IRN_CHESHMI_ROOZBEH,CHESHMI Roozbeh
Iran,IRN_DARGAHI_DENNIS,DARGAHI Dennis
Iran,IRN_EZATOLAHI_SAEID,EZATOLAHI Saeid
Iran,IRN_GHAYEDI_MEHDI,GHAYEDI Mehdi
Iran,IRN_GHODDOS_SAMAN,GHODDOS Saman
Iran,IRN_GHORBANI_MOHAMMAD,GHORBANI Mohammad
Iran,IRN_HAJISAFI_EHSAN,HAJISAFI Ehsan
Iran,IRN_HARDANI_SALEH,HARDANI Saleh
Iran,IRN_HOSSEINI_HOSSEIN,HOSSEINI Hossein
Iran,IRN_HOSSEINZADEH_AMIRHOSSEIN,HOSSEINZADEH Amirhossein
Iran,IRN_IRI_DANIAL,IRI Danial
Iran,IRN_JAHANBAKHSH_ALIREZA,JAHANBAKHSH Alireza
Iran,IRN_KANANI_HOSSEIN,KANANI Hossein
Iran,IRN_KHALILZADEH_SHOJA,KHALILZADEH Shoja
Iran,IRN_MOGHANLOO_SHAHRIYAR,MOGHANLOO Shahriyar
Iran,IRN_MOHAMMADI_MILAD,MOHAMMADI Milad
Iran,IRN_MOHEBBI_MOHAMMAD,MOHEBBI Mohammad
Iran,IRN_NEMATI_ALI,NEMATI Ali
Iran,IRN_NIAZMAND_PAYAM,NIAZMAND Payam
Iran,IRN_RAZAGHINIA_AMIRMOHAMMAD,RAZAGHINIA Amirmohammad
Iran,IRN_REZAEIAN_RAMIN,REZAEIAN Ramin
Iran,IRN_TAREMI_MEHDI,TAREMI Mehdi
Iran,IRN_TORABI_MEHDI,TORABI Mehdi
Iran,IRN_YOUSEFI_ARYA,YOUSEFI Arya
Iraq,IRQ_AHMED_BASIL,AHMED BASIL
Iraq,IRQ_AHMED_QASIM,AHMED QASIM
Iraq,IRQ_AHMED_MAKNZI,AHMED MAKNZI
Iraq,IRQ_AIMAR_SHER,AIMAR SHER
Iraq,IRQ_AKAM_HASHIM,AKAM HASHIM
Iraq,IRQ_ALI_ALHAMADI,ALI ALHAMADI
Iraq,IRQ_ALI_JASIM,ALI JASIM
Iraq,IRQ_ALI_YOUSIF,ALI YOUSIF
Iraq,IRQ_AMIR_ALAMMARI,AMIR ALAMMARI
Iraq,IRQ_AYMEN_HUSSEIN,AYMEN HUSSEIN
Iraq,IRQ_FAHAD_TALIB,FAHAD TALIB
Iraq,IRQ_FRANS_PUTROS,FRANS PUTROS
Iraq,IRQ_HUSSEIN_ALI,HUSSEIN ALI
Iraq,IRQ_IBRAHIM_BAYESH,IBRAHIM BAYESH
Iraq,IRQ_JALAL_HASSAN,JALAL HASSAN
Iraq,IRQ_KEVIN_YAKOB,KEVIN YAKOB
Iraq,IRQ_MARKO_FARJI,MARKO FARJI
Iraq,IRQ_MERCHAS_DOSKI,MERCHAS DOSKI
Iraq,IRQ_MOHANAD_ALI,MOHANAD ALI
Iraq,IRQ_MUNAF_YOUNUS,MUNAF YOUNUS
Iraq,IRQ_MUSTAFA_SAADOON,MUSTAFA SAADOON
Iraq,IRQ_REBIN_GHAREEB,REBIN GHAREEB
Iraq,IRQ_YOUSSEF_AMYN,YOUSSEF AMYN
Iraq,IRQ_ZAID_ISMAEL,ZAID ISMAEL
Iraq,IRQ_ZAID_TAHSEEN,ZAID TAHSEEN
Iraq,IRQ_ZIDANE_IQBAL,ZIDANE IQBAL
Japan,JPN_DOAN_RITSU,DOAN Ritsu
Japan,JPN_MACHINO_SHUTO,MACHINO Shuto
Japan,JPN_GOTO_KEISUKE,GOTO Keisuke
Japan,JPN_HAYAKAWA_TOMOKI,HAYAKAWA Tomoki
Japan,JPN_ITAKURA_KOU,ITAKURA Kou
Japan,JPN_ITO_HIROKI,ITO Hiroki
Japan,JPN_ITO_JUNYA,ITO Junya
Japan,JPN_KAMADA_DAICHI,KAMADA Daichi
Japan,JPN_KUBO_TAKEFUSA,KUBO Takefusa
Japan,JPN_MAEDA_DAIZEN,MAEDA Daizen
Japan,JPN_NAGATOMO_YUTO,NAGATOMO Yuto
Japan,JPN_NAKAMURA_KEITO,NAKAMURA Keito
Japan,JPN_OGAWA_KOKI,OGAWA Koki
Japan,JPN_OSAKO_KEISUKE,OSAKO Keisuke
Japan,JPN_SANO_KAISHU,SANO Kaishu
Japan,JPN_SEKO_AYUMU,SEKO Ayumu
Japan,JPN_SHIOGAI_KENTO,SHIOGAI Kento
Japan,JPN_SUGAWARA_YUKINARI,SUGAWARA Yukinari
Japan,JPN_SUZUKI_JUNNOSUKE,SUZUKI Junnosuke
Japan,JPN_SUZUKI_YUITO,SUZUKI Yuito
Japan,JPN_SUZUKI_ZION,SUZUKI Zion
Japan,JPN_TANAKA_AO,TANAKA Ao
Japan,JPN_TANIGUCHI_SHOGO,TANIGUCHI Shogo
Japan,JPN_TOMIYASU_TAKEHIRO,TOMIYASU Takehiro
Japan,JPN_UEDA_AYASE,UEDA Ayase
Japan,JPN_WATANABE_TSUYOSHI,WATANABE Tsuyoshi
Jordan,JOR_ABDALLAH_ALFAKHORI,ABDALLAH ALFAKHORI
Jordan,JOR_ABDALLAH_NASIB,ABDALLAH NASIB
Jordan,JOR_ALI_AZAIZEH,ALI AZAIZEH
Jordan,JOR_ALI_OLWAN,ALI OLWAN
Jordan,JOR_AMER_JAMOUS,AMER JAMOUS
Jordan,JOR_ANAS_BADAWI,ANAS BADAWI
Jordan,JOR_EHSAN_HADDAD,EHSAN HADDAD
Jordan,JOR_HUSAM_ABUDAHAB,HUSAM ABUDAHAB
Jordan,JOR_TAHA_MOHAMMAD,TAHA Mohammad
Jordan,JOR_IBRAHIM_SADEH,IBRAHIM SADEH
Jordan,JOR_MAHMOUD_ALMARDI,MAHMOUD ALMARDI
Jordan,JOR_MOHAMMAD_ABUALNADI,MOHAMMAD ABUALNADI
Jordan,JOR_MOHAMMAD_ABUHASHEESH,MOHAMMAD ABUHASHEESH
Jordan,JOR_MOHAMMAD_ABUZRAIQ,MOHAMMAD ABUZRAIQ
Jordan,JOR_MOHAMMAD_ALDAOUD,MOHAMMAD ALDAOUD
Jordan,JOR_MOHANNAD_ABUTAHA,MOHANNAD ABUTAHA
Jordan,JOR_MOUSA_ALTAMARI,MOUSA ALTAMARI
Jordan,JOR_NIZAR_ALRASHDAN,NIZAR ALRASHDAN
Jordan,JOR_NOOR_ALRAWABDEH,NOOR ALRAWABDEH
Jordan,JOR_NOUR_BANIATEYAH,NOUR BANIATEYAH
Jordan,JOR_ODEH_FAKHOURY,ODEH FAKHOURY
Jordan,JOR_RAJAEI_AYED,RAJAEI AYED
Jordan,JOR_SAED_ALROSAN,SAED ALROSAN
Jordan,JOR_SALEEM_OBAID,SALEEM OBAID
Jordan,JOR_YAZAN_ALARAB,YAZAN ALARAB
Jordan,JOR_YAZEED_ABULAILA,YAZEED ABULAILA
Mexico,MEX_ACEVEDO_CARLOS,ACEVEDO Carlos
Mexico,MEX_ALVARADO_ROBERTO,ALVARADO Roberto
Mexico,MEX_ALVAREZ_EDSON,ALVAREZ Edson
Mexico,MEX_CHAVEZ_LUIS,CHAVEZ Luis
Mexico,MEX_CHAVEZ_MATEO,CHAVEZ Mateo
Mexico,MEX_FIDALGO_ALVARO,FIDALGO Alvaro
Mexico,MEX_GALLARDO_JESUS,GALLARDO Jesus
Mexico,MEX_GIMENEZ_SANTIAGO,GIMENEZ Santiago
Mexico,MEX_GONZALEZ_ARMANDO,GONZALEZ Armando
Mexico,MEX_GUTIERREZ_BRIAN,GUTIERREZ Brian
Mexico,MEX_HUERTA_CESAR,HUERTA Cesar
Mexico,MEX_JIMENEZ_RAUL,JIMENEZ Raul
Mexico,MEX_LIRA_ERIK,LIRA Erik
Mexico,MEX_MARTINEZ_GUILLERMO,MARTINEZ Guillermo
Mexico,MEX_MONTES_CESAR,MONTES Cesar
Mexico,MEX_MORA_GILBERTO,MORA Gilberto
Mexico,MEX_OCHOA_GUILLERMO,OCHOA Guillermo
Mexico,MEX_PINEDA_ORBELIN,PINEDA Orbelin
Mexico,MEX_QUINONES_JULIAN,QUINONES Julian
Mexico,MEX_RANGEL_RAUL,RANGEL Raul
Mexico,MEX_REYES_ISRAEL,REYES Israel
Mexico,MEX_ROMO_LUIS,ROMO Luis
Mexico,MEX_SANCHEZ_JORGE,SANCHEZ Jorge
Mexico,MEX_VARGAS_OBED,VARGAS Obed
Mexico,MEX_VASQUEZ_JOHAN,VASQUEZ Johan
Mexico,MEX_VEGA_ALEXIS,VEGA Alexis
Morocco,MAR_SAADANE_MARWANE,SAADANE Marwane
Morocco,MAR_AMAIMOUNI_AYOUBE,AMAIMOUNI Ayoube
Morocco,MAR_AMRABAT_SOFYAN,AMRABAT Sofyan
Morocco,MAR_BELAMMARI_YOUSSEF,BELAMMARI Youssef
Morocco,MAR_BOUADDI_AYYOUB,BOUADDI Ayyoub
Morocco,MAR_BOUNOU_YASSINE,BOUNOU Yassine
Morocco,MAR_DIAZ_BRAHIM,DIAZ Brahim
Morocco,MAR_DIOP_ISSA,DIOP Issa
Morocco,MAR_EL_AYNAOUI_NEIL,EL AYNAOUI Neil
Morocco,MAR_EL_KAABI_AYOUB,EL KAABI Ayoub
Morocco,MAR_EL_KAJOUI_MUNIR,EL KAJOUI Munir
Morocco,MAR_EL_KHANNOUSS_BILAL,EL KHANNOUSS Bilal
Morocco,MAR_EL_MOURABET_SAMIR,EL MOURABET Samir
Morocco,MAR_EL_OUAHDI_ZAKARIA,EL OUAHDI Zakaria
Morocco,MAR_SBAI_AMINE,SBAI Amine
Morocco,MAR_HAKIMI_ACHRAF,HAKIMI Achraf
Morocco,MAR_HALHAL_REDOUANE,HALHAL Redouane
Morocco,MAR_MAZRAOUI_NOUSSAIR,MAZRAOUI Noussair
Morocco,MAR_OUNAHI_AZZEDINE,OUNAHI Azzedine
Morocco,MAR_RAHIMI_SOU_ANE,RAHIMI Sou
Morocco,MAR_RIAD_CHADI,RIAD Chadi
Morocco,MAR_SAIBARI_ISMAEL,SAIBARI Ismael
Morocco,MAR_SALAH_EDDINE_ANASS,SALAH EDDINE Anass
Morocco,MAR_TAGNAOUTI_AHMED_REDA,TAGNAOUTI Ahmed Reda
Morocco,MAR_TALBI_CHEMSDINE,TALBI Chemsdine
Morocco,MAR_YASSINE_GESSIME,YASSINE Gessime
Netherlands,NED_AKE_NATHAN,AKE Nathan
Netherlands,NED_BROBBEY_BRIAN,BROBBEY Brian
Netherlands,NED_DE_JONG_FRENKIE,DE JONG Frenkie
Netherlands,NED_DE_ROON_MARTEN,DE ROON Marten
Netherlands,NED_DEPAY_MEMPHIS,DEPAY Memphis
Netherlands,NED_DUMFRIES_DENZEL,DUMFRIES Denzel
Netherlands,NED_FLEKKEN_MARK,FLEKKEN Mark
Netherlands,NED_GAKPO_CODY,GAKPO Cody
Netherlands,NED_GRAVENBERCH_RYAN,GRAVENBERCH Ryan
Netherlands,NED_HATO_JORREL,HATO Jorrel
Netherlands,NED_KLUIVERT_JUSTIN,KLUIVERT Justin
Netherlands,NED_KOOPMEINERS_TEUN,KOOPMEINERS Teun
Netherlands,NED_LANG_NOA,LANG Noa
Netherlands,NED_MALEN_DONYELL,MALEN Donyell
Netherlands,NED_REIJNDERS_TIJJANI,REIJNDERS Tijjani
Netherlands,NED_ROEFS_ROBIN,ROEFS Robin
Netherlands,NED_SUMMERVILLE_CRYSENCIO,SUMMERVILLE Crysencio
Netherlands,NED_TIL_GUUS,TIL Guus
Netherlands,NED_GEERTRUIDA_LUTSHAREL,GEERTRUIDA Lutsharel
Netherlands,NED_TIMBER_QUINTEN,TIMBER Quinten
Netherlands,NED_VAN_DE_VEN_MICKY,VAN DE VEN Micky
Netherlands,NED_VAN_DIJK_VIRGIL,VAN DIJK Virgil
Netherlands,NED_VAN_HECKE_JAN_PAUL,VAN HECKE Jan Paul
Netherlands,NED_VERBRUGGEN_BART,VERBRUGGEN Bart
Netherlands,NED_WEGHORST_WOUT,WEGHORST Wout
Netherlands,NED_WIEFFER_MATS,WIEFFER Mats
New Zealand,NZL_BARBAROUSES_KOSTA,BARBAROUSES Kosta
New Zealand,NZL_BAYLISS_LACHLAN,BAYLISS Lachlan
New Zealand,NZL_BELL_JOE,BELL Joe
New Zealand,NZL_BINDON_TYLER,BINDON Tyler
New Zealand,NZL_BOXALL_MICHAEL,BOXALL Michael
New Zealand,NZL_CACACE_LIBERATO,CACACE Liberato
New Zealand,NZL_CROCOMBE_MAX,CROCOMBE Max
New Zealand,NZL_DE_VRIES_FRANCIS,DE VRIES Francis
New Zealand,NZL_ELLIOT_CALLAN,ELLIOT Callan
New Zealand,NZL_ROGERSON_LOGAN,ROGERSON Logan
New Zealand,NZL_JUST_ELIJAH,JUST Elijah
New Zealand,NZL_MCCOWATT_CALLUM,McCOWATT Callum
New Zealand,NZL_OLD_BEN,OLD Ben
New Zealand,NZL_PAULSEN_ALEX,PAULSEN Alex
New Zealand,NZL_PAYNE_TIM,PAYNE Tim
New Zealand,NZL_PIJNAKER_NANDO,PIJNAKER Nando
New Zealand,NZL_RANDALL_JESSE,RANDALL Jesse
New Zealand,NZL_RUFER_ALEX,RUFER Alex
New Zealand,NZL_SINGH_SARPREET,SINGH Sarpreet
New Zealand,NZL_SMITH_TOMMY,SMITH Tommy
New Zealand,NZL_STAMENIC_MARKO,STAMENIC Marko
New Zealand,NZL_SURMAN_FINN,SURMAN Finn
New Zealand,NZL_THOMAS_RYAN,THOMAS Ryan
New Zealand,NZL_WAINE_BEN,WAINE Ben
New Zealand,NZL_WOOD_CHRIS,WOOD Chris
New Zealand,NZL_WOUD_MICHAEL,WOUD Michael
Norway,NOR_AASGAARD_THELO,AASGAARD Thelo
Norway,NOR_AJER_KRISTOFFER,AJER Kristoffer
Norway,NOR_AURSNES_FREDRIK,AURSNES Fredrik
Norway,NOR_BERG_PATRICK,BERG Patrick
Norway,NOR_BERGE_SANDER,BERGE Sander
Norway,NOR_BJORKAN_FREDRIK_ANDRE,BJORKAN Fredrik Andre
Norway,NOR_BOBB_OSCAR,BOBB Oscar
Norway,NOR_FALCHENER_HENRIK,FALCHENER Henrik
Norway,NOR_HAALAND_ERLING,HAALAND Erling
Norway,NOR_HAUGE_JENS_PETTER,HAUGE Jens Petter
Norway,NOR_HEGGEM_TORBJORN,HEGGEM Torbjorn
Norway,NOR_HOLMGREN_PEDERSEN_MARCUS,HOLMGREN PEDERSEN Marcus
Norway,NOR_LANGAS_SONDRE,LANGAS Sondre
Norway,NOR_MOLLER_WOLFE_DAVID,MOLLER WOLFE David
Norway,NOR_NUSA_ANTONIO,NUSA Antonio
Norway,NOR_NYLAND_ORJAN,NYLAND Orjan
Norway,NOR_ODEGAARD_MARTIN,ODEGAARD Martin
Norway,NOR_OSTIGARD_LEO,OSTIGARD Leo
Norway,NOR_RYERSON_JULIAN,RYERSON Julian
Norway,NOR_SCHJELDERUP_ANDREAS,SCHJELDERUP Andreas
Norway,NOR_SELVIK_EGIL,SELVIK Egil
Norway,NOR_SORLOTH_ALEXANDER,SORLOTH Alexander
Norway,NOR_STRAND_LARSEN_JORGEN,STRAND LARSEN Jorgen
Norway,NOR_TANGVIK_SANDER,TANGVIK Sander
Norway,NOR_THORSBY_MORTEN,THORSBY Morten
Norway,NOR_THORSTVEDT_KRISTIAN,THORSTVEDT Kristian
Panama,PAN_ANDRADE_ANDRES,ANDRADE Andres
Panama,PAN_BARCENAS_EDGAR_YOEL,BARCENAS Edgar Yoel
Panama,PAN_BLACKMAN_CESAR,BLACKMAN Cesar
Panama,PAN_CARRASQUILLA_ADALBERTO,CARRASQUILLA Adalberto
Panama,PAN_CORDOBA_JOSE,CORDOBA Jose
Panama,PAN_DAVIS_ERIC,DAVIS Eric
Panama,PAN_DIAZ_ISMAEL,DIAZ Ismael
Panama,PAN_ESCOBAR_FIDEL,ESCOBAR Fidel
Panama,PAN_FAJARDO_JOSE,FAJARDO Jose
Panama,PAN_FARINA_EDGARDO,FARINA Edgardo
Panama,PAN_GODOY_ANIBAL,GODOY Anibal
Panama,PAN_GUTIERREZ_JORGE,GUTIERREZ Jorge
Panama,PAN_HARVEY_CARLOS,HARVEY Carlos
Panama,PAN_LONDONO_AZARIAS,LONDONO Azarias
Panama,PAN_MARTINEZ_CRISTIAN,MARTINEZ Cristian
Panama,PAN_MEJIA_LUIS,MEJIA Luis
Panama,PAN_MILLER_RODERICK,MILLER Roderick
Panama,PAN_MOSQUERA_ORLANDO,MOSQUERA Orlando
Panama,PAN_MURILLO_AMIR,MURILLO Amir
Panama,PAN_QUINTERO_ALBERTO,QUINTERO Alberto
Panama,PAN_RAMOS_JIOVANY,RAMOS Jiovany
Panama,PAN_RODRIGUEZ_JOSE_LUIS,RODRIGUEZ Jose Luis
Panama,PAN_RODRIGUEZ_TOMAS,RODRIGUEZ Tomas
Panama,PAN_SAMUDIO_CESAR,SAMUDIO Cesar
Panama,PAN_WATERMAN_CECILIO,WATERMAN Cecilio
Panama,PAN_YANIS_CESAR,YANIS Cesar
Paraguay,PAR_ALDERETE_OMAR,ALDERETE Omar
Paraguay,PAR_ALMIRON_MIGUEL,ALMIRON Miguel
Paraguay,PAR_ALONSO_JUNIOR,ALONSO Junior
Paraguay,PAR_ARCE_ALEX,ARCE Alex
Paraguay,PAR_AVALOS_GABRIEL,AVALOS Gabriel
Paraguay,PAR_BALBUENA_FABIAN,BALBUENA Fabian
Paraguay,PAR_BOBADILLA_DAMIAN,BOBADILLA Damian
Paraguay,PAR_CABALLERO_GUSTAVO,CABALLERO Gustavo
Paraguay,PAR_CACERES_JUAN_JOSE,CACERES Juan Jose
Paraguay,PAR_CANALE_JOSE,CANALE Jose
Paraguay,PAR_CUBAS_ANDRES,CUBAS Andres
Paraguay,PAR_ENCISO_JULIO,ENCISO Julio
Paraguay,PAR_FERNANDEZ_GATITO,FERNANDEZ Gatito
Paraguay,PAR_GALARZA_MATIAS,GALARZA Matias
Paraguay,PAR_GILL_ORLANDO,GILL Orlando
Paraguay,PAR_GOMEZ_DIEGO,GOMEZ Diego
Paraguay,PAR_GOMEZ_GUSTAVO,GOMEZ Gustavo
Paraguay,PAR_MAIDANA_ALEXANDRO,MAIDANA Alexandro
Paraguay,PAR_MAURICIO,MAURICIO
Paraguay,PAR_OJEDA_BRAIAN,OJEDA Braian
Paraguay,PAR_OLVEIRA_GASTON,OLVEIRA Gaston
Paraguay,PAR_PITTA_ISIDRO,PITTA Isidro
Paraguay,PAR_ROMERO_GAMARRA_ALEJANDRO,ROMERO GAMARRA Alejandro
Paraguay,PAR_SANABRIA_ANTONIO,SANABRIA Antonio
Paraguay,PAR_SOSA_RAMON,SOSA Ramon
Paraguay,PAR_VELAZQUEZ_GUSTAVO,VELAZQUEZ Gustavo
Portugal,POR_BERNARDO_SILVA,BERNARDO SILVA
Portugal,POR_BRUNO_FERNANDES,BRUNO FERNANDES
Portugal,POR_CRISTIANO_RONALDO,CRISTIANO RONALDO
Portugal,POR_DIOGO_COSTA,DIOGO COSTA
Portugal,POR_DIOGO_DALOT,DIOGO DALOT
Portugal,POR_FRANCISCO_CONCEICAO,FRANCISCO CONCEICAO
Portugal,POR_FRANCISCO_TRINCAO,FRANCISCO TRINCAO
Portugal,POR_GONCALO_GUEDES,GONCALO GUEDES
Portugal,POR_GONCALO_INACIO,GONCALO INACIO
Portugal,POR_GONCALO_RAMOS,GONCALO RAMOS
Portugal,POR_JOAO_CANCELO,JOAO CANCELO
Portugal,POR_JOAO_FELIX,JOAO FELIX
Portugal,POR_JOAO_NEVES,JOAO NEVES
Portugal,POR_JOSE_SA,JOSE SA
Portugal,POR_MATHEUS_NUNES,MATHEUS NUNES
Portugal,POR_NELSON_SEMEDO,NELSON SEMEDO
Portugal,POR_NUNO_MENDES,NUNO MENDES
Portugal,POR_PEDRO_NETO,PEDRO NETO
Portugal,POR_RAFAEL_LEAO,RAFAEL LEAO
Portugal,POR_RENATO_VEIGA,RENATO VEIGA
Portugal,POR_RUBEN_DIAS,RUBEN DIAS
Portugal,POR_RUBEN_NEVES,RUBEN NEVES
Portugal,POR_RUI_SILVA,RUI SILVA
Portugal,POR_SAMU_COSTA,SAMU COSTA
Portugal,POR_TOMAS_ARAUJO,TOMAS ARAUJO
Portugal,POR_VITINHA,VITINHA
Qatar,QAT_ABDULAZIZ_HATEM,ABDULAZIZ HATEM
Qatar,QAT_AHMED_ALAAELDIN,AHMED ALAAELDIN
Qatar,QAT_AHMED_ALGANEHI,AHMED ALGANEHI
Qatar,QAT_AHMED_FATHY,AHMED FATHY
Qatar,QAT_AKRAM_AFIF,AKRAM AFIF
Qatar,QAT_ALHASHMI_ALHUSSEIN,ALHASHMI ALHUSSEIN
Qatar,QAT_ALMOEZ_ALI,ALMOEZ ALI
Qatar,QAT_ASSIM_MADIBO,ASSIM MADIBO
Qatar,QAT_AYOUB_ALOUI,AYOUB ALOUI
Qatar,QAT_BOUALEM_KHOUKHI,BOUALEM KHOUKHI
Qatar,QAT_EDMILSON_JUNIOR,EDMILSON JUNIOR
Qatar,QAT_HASSAN_ALHAYDOS,HASSAN ALHAYDOS
Qatar,QAT_HOMAM_AHMED,HOMAM AHMED
Qatar,QAT_ISSA_LAYE,ISSA LAYE
Qatar,QAT_JASSEM_GABER,JASSEM GABER
Qatar,QAT_KARIM_BOUDIAF,KARIM BOUDIAF
Qatar,QAT_LUCAS_MENDES,LUCAS MENDES
Qatar,QAT_MAHMOUD_ABUNADA,MAHMOUD ABUNADA
Qatar,QAT_MESHAAL_BARSHAM,MESHAAL BARSHAM
Qatar,QAT_MOHAMED_MANAI,MOHAMED MANAI
Qatar,QAT_MOHAMMED_MUNTARI,MOHAMMED MUNTARI
Qatar,QAT_PEDRO_MIGUEL,PEDRO MIGUEL
Qatar,QAT_SALAH_ZAKARIA,SALAH ZAKARIA
Qatar,QAT_SULTAN_ALBRAKE,SULTAN ALBRAKE
Qatar,QAT_TAHSIN_JAMSHID,TAHSIN JAMSHID
Qatar,QAT_YUSUF_ABDURISAG,YUSUF ABDURISAG
Saudi Arabia,KSA_ABDULELAH_ALAMRI,ABDULELAH ALAMRI
Saudi Arabia,KSA_ABDULLAH_ALHAMDDAN,ABDULLAH ALHAMDDAN
Saudi Arabia,KSA_ABDULLAH_ALKHAIBARI,ABDULLAH ALKHAIBARI
Saudi Arabia,KSA_AHMED_ALKASSAR,AHMED ALKASSAR
Saudi Arabia,KSA_AIMAN_YAHYA,AIMAN YAHYA
Saudi Arabia,KSA_ALA_ALHAJJI,ALA ALHAJJI
Saudi Arabia,KSA_ALI_LAJAMI,ALI LAJAMI
Saudi Arabia,KSA_ALI_MAJRASHI,ALI MAJRASHI
Saudi Arabia,KSA_FERAS_ALBRIKAN,FERAS ALBRIKAN
Saudi Arabia,KSA_HASSAN_ALTAMBAKTI,HASSAN ALTAMBAKTI
Saudi Arabia,KSA_HASSAN_KADISH,HASSAN KADISH
Saudi Arabia,KSA_JEHAD_THIKRI,JEHAD THIKRI
Saudi Arabia,KSA_KHALID_ALGHANNAM,KHALID ALGHANNAM
Saudi Arabia,KSA_MOHAMED_KANNO,MOHAMED KANNO
Saudi Arabia,KSA_MOHAMMED_ABU_ALSHAMAT,MOHAMMED ABU ALSHAMAT
Saudi Arabia,KSA_MOHAMMED_ALOWAIS,MOHAMMED ALOWAIS
Saudi Arabia,KSA_MOTEB_ALHARBI,MOTEB ALHARBI
Saudi Arabia,KSA_MUSAB_ALJUWAYR,MUSAB ALJUWAYR
Saudi Arabia,KSA_NASSER_ALDAWSARI,NASSER ALDAWSARI
Saudi Arabia,KSA_NAWAF_ALAQIDI,NAWAF ALAQIDI
Saudi Arabia,KSA_NAWAF_BU_WASHL,NAWAF BU WASHL
Saudi Arabia,KSA_SALEH_ALSHEHRI,SALEH ALSHEHRI
Saudi Arabia,KSA_SALEM_ALDAWSARI,SALEM ALDAWSARI
Saudi Arabia,KSA_SAUD_ABDULHAMID,SAUD ABDULHAMID
Saudi Arabia,KSA_SULTAN_MANDASH,SULTAN MANDASH
Saudi Arabia,KSA_ZIYAD_ALJOHANI,ZIYAD ALJOHANI
Scotland,SCO_ADAMS_CHE,ADAMS Che
Scotland,SCO_CHRISTIE_RYAN,CHRISTIE Ryan
Scotland,SCO_CURTIS_FINDLAY,CURTIS Findlay
Scotland,SCO_DYKES_LYNDON,DYKES Lyndon
Scotland,SCO_FERGUSON_LEWIS,FERGUSON Lewis
Scotland,SCO_FLETCHER_TYLER,FLETCHER Tyler
Scotland,SCO_GANNON_DOAK_BEN,GANNON-DOAK Ben
Scotland,SCO_GORDON_CRAIG,GORDON Craig
Scotland,SCO_GUNN_ANGUS,GUNN Angus
Scotland,SCO_HANLEY_GRANT,HANLEY Grant
Scotland,SCO_HENDRY_JACK,HENDRY Jack
Scotland,SCO_HICKEY_AARON,HICKEY Aaron
Scotland,SCO_HIRST_GEORGE,HIRST George
Scotland,SCO_HYAM_DOMINIC,HYAM Dominic
Scotland,SCO_KELLY_LIAM,KELLY Liam
Scotland,SCO_MCGINN_JOHN,McGINN John
Scotland,SCO_MCKENNA_SCOTT,McKENNA Scott
Scotland,SCO_MCLEAN_KENNY,McLEAN Kenny
Scotland,SCO_MCTOMINAY_SCOTT,McTOMINAY Scott
Scotland,SCO_PATTERSON_NATHAN,PATTERSON Nathan
Scotland,SCO_RALSTON_ANTHONY,RALSTON Anthony
Scotland,SCO_ROBERTSON_ANDY,ROBERTSON Andy
Scotland,SCO_SHANKLAND_LAWRENCE,SHANKLAND Lawrence
Scotland,SCO_SOUTTAR_JOHN,SOUTTAR John
Scotland,SCO_STEWART_ROSS,STEWART Ross
Scotland,SCO_TIERNEY_KIERAN,TIERNEY Kieran
Senegal,SEN_CAMARA_LAMINE,CAMARA Lamine
Senegal,SEN_CISS_PATHE,CISS Pathe
Senegal,SEN_DIAO_ASSANE,DIAO Assane
Senegal,SEN_DIARRA_HABIB,DIARRA Habib
Senegal,SEN_DIATTA_KREPIN,DIATTA Krepin
Senegal,SEN_DIAW_MORY,DIAW Mory
Senegal,SEN_DIENG_BAMBA,DIENG Bamba
Senegal,SEN_DIOUF_EL_HADJI_MALICK,DIOUF El Hadji Malick
Senegal,SEN_DIOUF_YEHVANN,DIOUF Yehvann
Senegal,SEN_GUEYE_IDRISSA_GANA,GUEYE Idrissa Gana
Senegal,SEN_GUEYE_PAPE,GUEYE Pape
Senegal,SEN_JACKSON_NICOLAS,JACKSON Nicolas
Senegal,SEN_JAKOBS_ISMAIL,JAKOBS Ismail
Senegal,SEN_KOULIBALY_KALIDOU,KOULIBALY Kalidou
Senegal,SEN_MANE_SADIO,MANE Sadio
Senegal,SEN_MBAYE_IBRAHIM,MBAYE Ibrahim
Senegal,SEN_MENDY_ANTOINE,MENDY Antoine
Senegal,SEN_MENDY_EDOUARD,MENDY Edouard
Senegal,SEN_NDIAYE_BARA_SAPOKO,NDIAYE Bara Sapoko
Senegal,SEN_NDIAYE_CHERIF,NDIAYE Cherif
Senegal,SEN_NDIAYE_ILIMAN,NDIAYE Iliman
Senegal,SEN_NIAKHATE_MOUSSA,NIAKHATE Moussa
Senegal,SEN_SARR_ISMAILA,SARR Ismaila
Senegal,SEN_SARR_MAMADOU,SARR Mamadou
Senegal,SEN_SARR_PAPE_MATAR,SARR Pape Matar
Senegal,SEN_SECK_ABDOULAYE,SECK Abdoulaye
South Africa,RSA_ADAMS_JAYDEN,ADAMS Jayden
South Africa,RSA_APPOLLIS_OSWIN,APPOLLIS Oswin
South Africa,RSA_CHAINE_SIPHO,CHAINE Sipho
South Africa,RSA_CROSS_BRADLEY,CROSS Bradley
South Africa,RSA_FOSTER_LYLE,FOSTER Lyle
South Africa,RSA_GOSS_RICARDO,GOSS Ricardo
South Africa,RSA_KABINI_SAMUKELE,KABINI Samukele
South Africa,RSA_MAKGOPA_EVIDENCE,MAKGOPA Evidence
South Africa,RSA_MAKHANYA_OLWETHU,MAKHANYA Olwethu
South Africa,RSA_MASEKO_THAPELO,MASEKO Thapelo
South Africa,RSA_MATULUDI_THABANG,MATULUDI Thabang
South Africa,RSA_MBATHA_THALENTE,MBATHA Thalente
South Africa,RSA_MBOKAZI_MBEKEZELI,MBOKAZI Mbekezeli
South Africa,RSA_MODIBA_AUBREY,MODIBA Aubrey
South Africa,RSA_MOFOKENG_RELEBOHILE,MOFOKENG Relebohile
South Africa,RSA_MOKOENA_TEBOHO,MOKOENA Teboho
South Africa,RSA_MOREMI_TSHEPANG,MOREMI Tshepang
South Africa,RSA_MUDAU_KHULISO,MUDAU Khuliso
South Africa,RSA_NDAMANE_KHULUMANI,NDAMANE Khulumani
South Africa,RSA_OKON_IME,OKON Ime
South Africa,RSA_RAYNERS_IQRAAM,RAYNERS Iqraam
South Africa,RSA_SEBELEBELE_KAMOGELO,SEBELEBELE Kamogelo
South Africa,RSA_SIBISI_NKOSINATHI,SIBISI Nkosinathi
South Africa,RSA_SITHOLE_SPHEPHELO,SITHOLE Sphephelo
South Africa,RSA_WILLIAMS_RONWEN,WILLIAMS Ronwen
South Africa,RSA_ZWANE_THEMBA,ZWANE Themba
South Korea,KOR_BAE_JUNHO,BAE Junho
South Korea,KOR_CASTROP_JENS,CASTROP Jens
South Korea,KOR_CHO_GUESUNG,CHO Guesung
South Korea,KOR_CHO_WIJE,CHO Wije
South Korea,KOR_EOM_JISUNG,EOM Jisung
South Korea,KOR_HWANG_HEECHAN,HWANG Heechan
South Korea,KOR_HWANG_INBEOM,HWANG Inbeom
South Korea,KOR_JO_HYEONWOO,JO Hyeonwoo
South Korea,KOR_KIM_JINGYU,KIM Jingyu
South Korea,KOR_KIM_MINJAE,KIM Minjae
South Korea,KOR_KIM_MOONHWAN,KIM Moonhwan
South Korea,KOR_KIM_SEUNGGYU,KIM Seunggyu
South Korea,KOR_KIM_TAEHYEON,KIM Taehyeon
South Korea,KOR_LEE_DONGGYEONG,LEE Donggyeong
South Korea,KOR_LEE_GIHYUK,LEE Gihyuk
South Korea,KOR_LEE_HANBEOM,LEE Hanbeom
South Korea,KOR_LEE_JAESUNG,LEE Jaesung
South Korea,KOR_LEE_KANGIN,LEE Kangin
South Korea,KOR_LEE_TAESEOK,LEE Taeseok
South Korea,KOR_OH_HYEONGYU,OH Hyeongyu
South Korea,KOR_PAIK_SEUNGHO,PAIK Seungho
South Korea,KOR_PARK_JINSEOB,PARK Jinseob
South Korea,KOR_SEOL_YOUNGWOO,SEOL Youngwoo
South Korea,KOR_SON_HEUNGMIN,SON Heungmin
South Korea,KOR_SONG_BUMKEUN,SONG Bumkeun
South Korea,KOR_YANG_HYUNJUN,YANG Hyunjun
Spain,ESP_BAENA_ALEX,BAENA Alex
Spain,ESP_CUBARSI_PAU,CUBARSI Pau
Spain,ESP_CUCURELLA_MARC,CUCURELLA Marc
Spain,ESP_GARCIA_ERIC,GARCIA Eric
Spain,ESP_GARCIA_JOAN,GARCIA Joan
Spain,ESP_GAVI,GAVI
Spain,ESP_GRIMALDO_ALEX,GRIMALDO Alex
Spain,ESP_IGLESIAS_BORJA,IGLESIAS Borja
Spain,ESP_LAPORTE_AYMERIC,LAPORTE Aymeric
Spain,ESP_LLORENTE_MARCOS,LLORENTE Marcos
Spain,ESP_MERINO_MIKEL,MERINO Mikel
Spain,ESP_MUNOZ_VICTOR,MUNOZ Victor
Spain,ESP_OLMO_DANI,OLMO Dani
Spain,ESP_OYARZABAL_MIKEL,OYARZABAL Mikel
Spain,ESP_PEDRI,PEDRI
Spain,ESP_PINO_YEREMY,PINO Yeremy
Spain,ESP_PORRO_PEDRO,PORRO Pedro
Spain,ESP_PUBILL_MARC,PUBILL Marc
Spain,ESP_RAYA_DAVID,RAYA David
Spain,ESP_RODRI,RODRI
Spain,ESP_RUIZ_FABIAN,RUIZ Fabian
Spain,ESP_SIMON_UNAI,SIMON Unai
Spain,ESP_TORRES_FERRAN,TORRES Ferran
Spain,ESP_WILLIAMS_NICO,WILLIAMS Nico
Spain,ESP_YAMAL_LAMINE,YAMAL Lamine
Spain,ESP_ZUBIMENDI_MARTIN,ZUBIMENDI Martin
Sweden,SWE_ALI_TAHA,ALI Taha
Sweden,SWE_AYARI_YASIN,AYARI Yasin
Sweden,SWE_BERGVALL_LUCAS,BERGVALL Lucas
Sweden,SWE_BERNHARDSSON_ALEXANDER,BERNHARDSSON Alexander
Sweden,SWE_EKDAL_HJALMAR,EKDAL Hjalmar
Sweden,SWE_ELANGA_ANTHONY,ELANGA Anthony
Sweden,SWE_GUDMUNDSSON_GABRIEL,GUDMUNDSSON Gabriel
Sweden,SWE_GYOKERES_VIKTOR,GYOKERES Viktor
Sweden,SWE_HIEN_ISAK,HIEN Isak
Sweden,SWE_ISAK_ALEXANDER,ISAK Alexander
Sweden,SWE_JOHANSSON_HERMAN,JOHANSSON Herman
Sweden,SWE_JOHANSSON_VIKTOR,JOHANSSON Viktor
Sweden,SWE_KARLSTROM_JESPER,KARLSTROM Jesper
Sweden,SWE_LAGERBIELKE_GUSTAF,LAGERBIELKE Gustaf
Sweden,SWE_LINDELOF_VICTOR,LINDELOF Victor
Sweden,SWE_NILSSON_GUSTAF,NILSSON Gustaf
Sweden,SWE_NORDFELDT_KRISTOFFER,NORDFELDT Kristoffer
Sweden,SWE_NYGREN_BENJAMIN,NYGREN Benjamin
Sweden,SWE_SEMA_KEN,SEMA Ken
Sweden,SWE_SMITH_ERIC,SMITH Eric
Sweden,SWE_STARFELT_CARL,STARFELT Carl
Sweden,SWE_STROUD_ELLIOT,STROUD Elliot
Sweden,SWE_SVANBERG_MATTIAS,SVANBERG Mattias
Sweden,SWE_SVENSSON_DANIEL,SVENSSON Daniel
Sweden,SWE_WIDELL_ZETTERSTROM_JACOB,WIDELL ZETTERSTROM Jacob
Sweden,SWE_ZENELI_BESFORT,ZENELI Besfort
Switzerland,SUI_AEBISCHER_MICHEL,AEBISCHER Michel
Switzerland,SUI_AKANJI_MANUEL,AKANJI Manuel
Switzerland,SUI_AMDOUNI_ZEKI,AMDOUNI Zeki
Switzerland,SUI_AMENDA_AURELE,AMENDA Aurele
Switzerland,SUI_COEMERT_ERAY,COEMERT Eray
Switzerland,SUI_ELVEDI_NICO,ELVEDI Nico
Switzerland,SUI_EMBOLO_BREEL,EMBOLO Breel
Switzerland,SUI_FASSNACHT_CHRISTIAN,FASSNACHT Christian
Switzerland,SUI_FREULER_REMO,FREULER Remo
Switzerland,SUI_ITTEN_CEDRIC,ITTEN Cedric
Switzerland,SUI_JAQUEZ_LUCA,JAQUEZ Luca
Switzerland,SUI_JASHARI_ARDON,JASHARI Ardon
Switzerland,SUI_KELLER_MARVIN,KELLER Marvin
Switzerland,SUI_KOBEL_GREGOR,KOBEL Gregor
Switzerland,SUI_MANZAMBI_JOHAN,MANZAMBI Johan
Switzerland,SUI_MUHEIM_MIRO,MUHEIM Miro
Switzerland,SUI_MVOGO_YVON,MVOGO Yvon
Switzerland,SUI_NDOYE_DAN,NDOYE Dan
Switzerland,SUI_OKAFOR_NOAH,OKAFOR Noah
Switzerland,SUI_RIEDER_FABIAN,RIEDER Fabian
Switzerland,SUI_RODRIGUEZ_RICARDO,RODRIGUEZ Ricardo
Switzerland,SUI_SOW_DJIBRIL,SOW Djibril
Switzerland,SUI_VARGAS_RUBEN,VARGAS Ruben
Switzerland,SUI_WIDMER_SILVAN,WIDMER Silvan
Switzerland,SUI_XHAKA_GRANIT,XHAKA Granit
Switzerland,SUI_ZAKARIA_DENIS,ZAKARIA Denis
Tunisia,TUN_ABDI_ALI,ABDI Ali
Tunisia,TUN_ACHOURI_ELIAS,ACHOURI Elias
Tunisia,TUN_AROUS_ADAM,AROUS Adam
Tunisia,TUN_AYARI_KHALIL,AYARI Khalil
Tunisia,TUN_BEN_HESSEN_SABRI,BEN HESSEN Sabri
Tunisia,TUN_BEN_HMIDA_MOHAMED_AMINE,BEN HMIDA Mohamed Amine
Tunisia,TUN_BEN_OUANES_MORTADHA,BEN OUANES Mortadha
Tunisia,TUN_BRONN_DYLAN,BRONN Dylan
Tunisia,TUN_CHAMAKH_MOUHIB,CHAMAKH Mouhib
Tunisia,TUN_CHAOUAT_FIRAS,CHAOUAT Firas
Tunisia,TUN_CHIKHAOUI_RAED,CHIKHAOUI Raed
Tunisia,TUN_DAHMEN_AYMEN,DAHMEN Aymen
Tunisia,TUN_ELLOUMI_RAYAN,ELLOUMI Rayan
Tunisia,TUN_GHARBI_ISMAEL,GHARBI Ismael
Tunisia,TUN_HADJ_MAHMOUD_MOHAMED,HADJ MAHMOUD Mohamed
Tunisia,TUN_KHEDIRA_RANI,KHEDIRA Rani
Tunisia,TUN_MASTOURI_HAZEM,MASTOURI Hazem
Tunisia,TUN_MEJBRI_HANNIBAL,MEJBRI Hannibal
Tunisia,TUN_NEFFATI_MOUTAZ,NEFFATI Moutaz
Tunisia,TUN_REKIK_OMAR,REKIK Omar
Tunisia,TUN_SAAD_ELIAS,SAAD Elias
Tunisia,TUN_SKHIRI_ELLYES,SKHIRI Ellyes
Tunisia,TUN_SLIMANE_ANIS,SLIMANE Anis
Tunisia,TUN_TALBI_MONTASSAR,TALBI Montassar
Tunisia,TUN_TOUNEKTI_SEBASTIAN,TOUNEKTI Sebastian
Tunisia,TUN_VALERY_YAN,VALERY Yan
Türkiye,TUR_AKAYDIN_SAMET,AKAYDIN Samet
Türkiye,TUR_AKGUN_YUNUS,AKGUN Yunus
Türkiye,TUR_AKTURKOGLU_KEREM,AKTURKOGLU Kerem
Türkiye,TUR_AYDIN_OGUZ,AYDIN Oguz
Türkiye,TUR_AYHAN_KAAN,AYHAN Kaan
Türkiye,TUR_BARDAKCI_ABDULKERIM,BARDAKCI Abdulkerim
Türkiye,TUR_BAYINDIR_ALTAY,BAYINDIR Altay
Türkiye,TUR_CAKIR_UGURCAN,CAKIR Ugurcan
Türkiye,TUR_CALHANOGLU_HAKAN,CALHANOGLU Hakan
Türkiye,TUR_CELIK_ZEKI,CELIK Zeki
Türkiye,TUR_DEMIRAL_MERIH,DEMIRAL Merih
Türkiye,TUR_ELMALI_EREN,ELMALI Eren
Türkiye,TUR_GUL_DENIZ,GUL Deniz
Türkiye,TUR_GULER_ARDA,GULER Arda
Türkiye,TUR_GUNOK_MERT,GUNOK Mert
Türkiye,TUR_KABAK_OZAN,KABAK Ozan
Türkiye,TUR_KADIOGLU_FERDI,KADIOGLU Ferdi
Türkiye,TUR_KAHVECI_IRFAN_CAN,KAHVECI Irfan Can
Türkiye,TUR_KOKCU_ORKUN,KOKCU Orkun
Türkiye,TUR_MULDUR_MERT,MULDUR Mert
Türkiye,TUR_OZCAN_SALIH,OZCAN Salih
Türkiye,TUR_SOYUNCU_CAGLAR,SOYUNCU Caglar
Türkiye,TUR_UZUN_CAN,UZUN Can
Türkiye,TUR_YILDIZ_KENAN,YILDIZ Kenan
Türkiye,TUR_YILMAZ_BARIS_ALPER,YILMAZ Baris Alper
Türkiye,TUR_YUKSEK_ISMAIL,YUKSEK Ismail
USA,USA_AARONSON_BRENDEN,AARONSON Brenden
USA,USA_ADAMS_TYLER,ADAMS Tyler
USA,USA_ARFSTEN_MAX,ARFSTEN Max
USA,USA_BALOGUN_FOLARIN,BALOGUN Folarin
USA,USA_BERHALTER_SEBASTIAN,BERHALTER Sebastian
USA,USA_BRADY_CHRIS,BRADY Chris
USA,USA_DEST_SERGINO,DEST Sergino
USA,USA_FREEMAN_ALEX,FREEMAN Alex
USA,USA_FREESE_MATT,FREESE Matt
USA,USA_MCKENNIE_WESTON,McKENNIE Weston
USA,USA_MCKENZIE_MARK,McKENZIE Mark
USA,USA_PEPI_RICARDO,PEPI Ricardo
USA,USA_PULISIC_CHRISTIAN,PULISIC Christian
USA,USA_REAM_TIM,REAM Tim
USA,USA_REYNA_GIOVANNI,REYNA Giovanni
USA,USA_RICHARDS_CHRIS,RICHARDS Chris
USA,USA_ROBINSON_ANTONEE,ROBINSON Antonee
USA,USA_ROBINSON_MILES,ROBINSON Miles
USA,USA_ROLDAN_CRISTIAN,ROLDAN Cristian
USA,USA_SCALLY_JOE,SCALLY Joe
USA,USA_TILLMAN_MALIK,TILLMAN Malik
USA,USA_TRUSTY_AUSTON,TRUSTY Auston
USA,USA_TURNER_MATT,TURNER Matt
USA,USA_WEAH_TIMOTHY,WEAH Timothy
USA,USA_WRIGHT_HAJI,WRIGHT Haji
USA,USA_ZENDEJAS_ALEX,ZENDEJAS Alex
Uruguay,URU_AGUIRRE_RODRIGO,AGUIRRE Rodrigo
Uruguay,URU_ARAUJO_MAXI,ARAUJO Maxi
Uruguay,URU_ARAUJO_RONALD,ARAUJO Ronald
Uruguay,URU_BENTANCUR_RODRIGO,BENTANCUR Rodrigo
Uruguay,URU_BUENO_SANTIAGO,BUENO Santiago
Uruguay,URU_CACERES_SEBASTIAN,CACERES Sebastian
Uruguay,URU_CANOBBIO_AGUSTIN,CANOBBIO Agustin
Uruguay,URU_DE_ARRASCAETA_GIORGIAN,DE ARRASCAETA Giorgian
Uruguay,URU_DE_LA_CRUZ_NICOLAS,DE LA CRUZ Nicolas
Uruguay,URU_GIMENEZ_JOSE_MARIA,GIMENEZ Jose Maria
Uruguay,URU_MARTINEZ_EMILIANO,MARTINEZ Emiliano
Uruguay,URU_MELE_SANTIAGO,MELE Santiago
Uruguay,URU_MUSLERA_FERNANDO,MUSLERA Fernando
Uruguay,URU_NUNEZ_DARWIN,NUNEZ Darwin
Uruguay,URU_OLIVERA_MATHIAS,OLIVERA Mathias
Uruguay,URU_PELLISTRI_FACUNDO,PELLISTRI Facundo
Uruguay,URU_PIQUEREZ_JOAQUIN,PIQUEREZ Joaquin
Uruguay,URU_ROCHET_SERGIO,ROCHET Sergio
Uruguay,URU_RODRIGUEZ_BRIAN,RODRIGUEZ Brian
Uruguay,URU_SANABRIA_JUAN_MANUEL,SANABRIA Juan Manuel
Uruguay,URU_UGARTE_MANUEL,UGARTE Manuel
Uruguay,URU_VALVERDE_FEDERICO,VALVERDE Federico
Uruguay,URU_VARELA_GUILLERMO,VARELA Guillermo
Uruguay,URU_VINA_MATIAS,VINA Matias
Uruguay,URU_VINAS_FEDERICO,VINAS Federico
Uruguay,URU_ZALAZAR_RODRIGO,ZALAZAR Rodrigo
Uzbekistan,UZB_ABDULLAEV_ABDULLA,ABDULLAEV Abdulla
Uzbekistan,UZB_ALIJONOV_KHOJIAKBAR,ALIJONOV Khojiakbar
Uzbekistan,UZB_AMONOV_AZIZBEK,AMONOV Azizbek
Uzbekistan,UZB_ASHURMATOV_RUSTAM,ASHURMATOV Rustam
Uzbekistan,UZB_ERGASHEV_BOTIRALI,ERGASHEV Botirali
Uzbekistan,UZB_ESANOV_SHERZOD,ESANOV Sherzod
Uzbekistan,UZB_ESHMURODOV_UMAR,ESHMURODOV Umar
Uzbekistan,UZB_FAYZULLAEV_ABBOSBEK,FAYZULLAEV Abbosbek
Uzbekistan,UZB_GANIEV_AZIZJON,GANIEV Azizjon
Uzbekistan,UZB_ISKANDEROV_JAMSHID,ISKANDEROV Jamshid
Uzbekistan,UZB_KARIMOV_BEHRUZJON,KARIMOV Behruzjon
Uzbekistan,UZB_KHAMDAMOV_DOSTONBEK,KHAMDAMOV Dostonbek
Uzbekistan,UZB_KHUSANOV_ABDUKODIR,KHUSANOV Abdukodir
Uzbekistan,UZB_MASHARIPOV_JALOLIDDIN,MASHARIPOV Jaloliddin
Uzbekistan,UZB_MOZGOVOY_AKMAL,MOZGOVOY Akmal
Uzbekistan,UZB_NASRULLAEV_SHERZOD,NASRULLAEV Sherzod
Uzbekistan,UZB_NEMATOV_ABDUVOHID,NEMATOV Abduvohid
Uzbekistan,UZB_SAYFIEV_FARRUKH,SAYFIEV Farrukh
Uzbekistan,UZB_SERGEEV_IGOR,SERGEEV Igor
Uzbekistan,UZB_SHOMURODOV_ELDOR,SHOMURODOV Eldor
Uzbekistan,UZB_SHUKUROV_OTABEK,SHUKUROV Otabek
Uzbekistan,UZB_ULMASALIYEV_AVAZBEK,ULMASALIYEV Avazbek
Uzbekistan,UZB_UROZOV_JAKHONGIR,UROZOV Jakhongir
Uzbekistan,UZB_URUNOV_OSTON,URUNOV Oston
Uzbekistan,UZB_XAMROBEKOV_ODILJON,XAMROBEKOV Odiljon
Uzbekistan,UZB_YUSUPOV_UTKIR,YUSUPOV Utkir
